run_timestamp,metric,value,unit,corpus_size,k,notes
2026-09-26T05:12:15.606885+00:00,hard_delete_latency,64.75020002108067,ms,6,,
2026-09-26T05:12:22.088268+00:00,cascading_erasure_latency,4765.756200067699,ms,50,,documents_deleted=50
2026-09-26T05:12:25.448003+00:00,index_rebuild_cost,10.716899996623397,ms,100,,
2026-09-26T05:12:41.336725+00:00,index_rebuild_cost,92.04780007712543,ms,500,,
2026-09-26T05:13:02.554951+00:00,index_rebuild_cost,108.36050007492304,ms,1000,,
2026-09-26T05:16:38.247612+00:00,index_rebuild_cost,870.8902000216767,ms,5000,,
2026-09-26T05:16:58.595733+00:00,recall_at_k,0.995,fraction,4980,10,"num_queries=20, num_deleted=20"
2026-09-27T06:13:44.126850+00:00,hard_delete_latency,72.06979999318719,ms,54,,
2026-09-27T06:13:50.317742+00:00,cascading_erasure_latency,4399.903599987738,ms,50,,documents_deleted=50
2026-09-27T06:13:51.997198+00:00,index_rebuild_cost,8.513200096786022,ms,100,,
2026-09-27T06:14:04.956859+00:00,index_rebuild_cost,54.49510004837066,ms,500,,
2026-09-27T06:14:23.546919+00:00,index_rebuild_cost,120.49390003085136,ms,1000,,
2026-09-27T06:17:08.681405+00:00,index_rebuild_cost,309.35640004463494,ms,5000,,
2026-09-27T06:17:24.426435+00:00,recall_at_k,0.995,fraction,4980,10,"num_queries=20, num_deleted=20"
2026-09-27T06:40:09.117329+00:00,hard_delete_latency,67.9177000420168,ms,54,,
2026-09-27T06:40:14.846380+00:00,cascading_erasure_latency,4156.261199968867,ms,50,,documents_deleted=50
2026-09-27T06:40:16.382042+00:00,index_rebuild_cost,9.524499997496605,ms,100,,
2026-09-27T06:40:31.768500+00:00,index_rebuild_cost,49.430200015194714,ms,500,,
2026-09-27T06:40:49.403326+00:00,index_rebuild_cost,120.94299995806068,ms,1000,,
2026-09-27T06:43:16.514210+00:00,index_rebuild_cost,333.1830999813974,ms,5000,,
2026-09-27T06:43:27.778158+00:00,recall_at_k,0.995,fraction,4980,10,"num_queries=20, num_deleted=20"
2026-10-10T07:13:34.314294+00:00,hard_delete_latency,96.5497000142932,ms,18,,
2026-10-10T07:13:40.894750+00:00,cascading_erasure_latency,5011.618599994108,ms,50,,documents_deleted=50
2026-10-10T07:13:43.648611+00:00,index_rebuild_cost,7.979599991813302,ms,100,,
2026-10-10T07:13:56.946621+00:00,index_rebuild_cost,50.64979987218976,ms,500,,
2026-10-10T07:14:16.256211+00:00,index_rebuild_cost,139.02519992552698,ms,1000,,
2026-10-10T07:17:00.959118+00:00,index_rebuild_cost,372.8097998537123,ms,5000,,
2026-10-10T07:17:18.284301+00:00,recall_at_k,0.91,fraction,4980,10,"num_queries=20, num_deleted=20"
2026-10-10T07:21:24.122483+00:00,hard_delete_latency,146.50070015341043,ms,18,,
2026-10-10T07:21:32.122577+00:00,cascading_erasure_latency,5417.552100028843,ms,50,,documents_deleted=50
2026-10-10T07:21:35.346276+00:00,index_rebuild_cost,10.338100139051676,ms,100,,
2026-10-10T07:21:52.213977+00:00,index_rebuild_cost,57.740099960938096,ms,500,,
2026-10-10T07:22:14.381039+00:00,index_rebuild_cost,112.30010003782809,ms,1000,,
2026-10-10T07:25:38.679630+00:00,index_rebuild_cost,346.0687999613583,ms,5000,,
2026-10-10T07:25:49.817753+00:00,recall_at_k,0.99,fraction,4980,10,"num_queries=20, num_deleted=20"
2026-10-10T07:25:50.187378+00:00,recall_vs_exact_knn,1.0,fraction,4980,10,"num_queries=20, ann_index_used=ivfflat"
2026-10-10T07:28:06.879284+00:00,hard_delete_latency,141.4653998799622,ms,17,,
2026-10-10T07:28:15.297958+00:00,cascading_erasure_latency,6289.563199970871,ms,50,,documents_deleted=50
2026-10-10T07:28:18.852554+00:00,index_rebuild_cost,8.71940003708005,ms,100,,
2026-10-10T07:28:36.922582+00:00,index_rebuild_cost,69.30249999277294,ms,500,,
2026-10-10T07:28:59.905578+00:00,index_rebuild_cost,108.1795000936836,ms,1000,,
2026-10-10T07:32:15.085113+00:00,index_rebuild_cost,309.3390001449734,ms,5000,,
2026-10-10T07:32:17.076638+00:00,unpartitioned_index_rebuild_cost,21.174099994823337,ms,200,,"single combined HNSW index over both tenants, 100 docs/tenant; compare against index_rebuild_cost corpus_size=100 (the partitioned rebuild for the same per-tenant volume)"
2026-10-10T07:32:28.024085+00:00,unpartitioned_index_rebuild_cost,130.75280003249645,ms,1000,,"single combined HNSW index over both tenants, 500 docs/tenant; compare against index_rebuild_cost corpus_size=500 (the partitioned rebuild for the same per-tenant volume)"
2026-10-10T07:32:53.015816+00:00,unpartitioned_index_rebuild_cost,236.4205999765545,ms,2000,,"single combined HNSW index over both tenants, 1000 docs/tenant; compare against index_rebuild_cost corpus_size=1000 (the partitioned rebuild for the same per-tenant volume)"
2026-10-10T07:35:12.141895+00:00,unpartitioned_index_rebuild_cost,691.7276999447495,ms,10000,,"single combined HNSW index over both tenants, 5000 docs/tenant; compare against index_rebuild_cost corpus_size=5000 (the partitioned rebuild for the same per-tenant volume)"
2026-10-10T07:35:24.865006+00:00,recall_at_k,0.98,fraction,4980,10,"num_queries=20, num_deleted=20"
2026-10-10T07:35:25.304944+00:00,recall_vs_exact_knn,1.0,fraction,4980,10,"num_queries=20, ann_index_used=ivfflat"
2026-10-10T08:44:01.888707+00:00,partitioned_rebuild_at_scale,51.93750001490116,ms,500,,"num_tenants=2, total_system_size=2000, rebuilding only the 500-doc tenant under test"
2026-10-10T08:44:01.888725+00:00,unpartitioned_rebuild_at_scale,223.04229997098446,ms,2000,,"num_tenants=2, one combined index over all tenants' 2000 docs, uneven sizes"
2026-10-10T08:44:45.453287+00:00,partitioned_rebuild_at_scale,56.313500041142106,ms,500,,"num_tenants=4, total_system_size=3500, rebuilding only the 500-doc tenant under test"
2026-10-10T08:44:45.453581+00:00,unpartitioned_rebuild_at_scale,438.9290998224169,ms,3500,,"num_tenants=4, one combined index over all tenants' 3500 docs, uneven sizes"
2026-10-10T08:46:06.404209+00:00,partitioned_rebuild_at_scale,55.9555001091212,ms,500,,"num_tenants=8, total_system_size=6100, rebuilding only the 500-doc tenant under test"
2026-10-10T08:46:06.404241+00:00,unpartitioned_rebuild_at_scale,474.52230006456375,ms,6100,,"num_tenants=8, one combined index over all tenants' 6100 docs, uneven sizes"
2026-10-10T08:48:27.034252+00:00,partitioned_rebuild_at_scale,65.80369989387691,ms,500,,"num_tenants=16, total_system_size=10000, rebuilding only the 500-doc tenant under test"
2026-10-10T08:48:27.034278+00:00,unpartitioned_rebuild_at_scale,931.9146999623626,ms,10000,,"num_tenants=16, one combined index over all tenants' 10000 docs, uneven sizes"
